{"stats":{"minecraft:used":{"alexsmobs:animal_dictionary":2},"minecraft:mined":{"minecraft:azalea_leaves":3},"minecraft:custom":{"minecraft:jump":114,"minecraft:deaths":1,"minecraft:time_since_rest":2630,"minecraft:crouch_one_cm":1219,"minecraft:leave_game":2,"minecraft:play_time":15008,"minecraft:sprint_one_cm":22679,"minecraft:time_since_death":3240,"minecraft:walk_one_cm":10294,"minecraft:sneak_time":373,"minecraft:total_world_time":15008,"minecraft:fall_one_cm":3158,"minecraft:drop":8,"minecraft:fly_one_cm":58225},"minecraft:dropped":{"silentgear:axe_blueprint":1,"silentgear:shield_blueprint":1,"ars_nouveau:worn_notebook":1,"silentgear:katana_blueprint":1,"silentgear:shovel_blueprint":1,"silentgear:pickaxe_blueprint":1,"silentgear:rod_blueprint":1,"silentgear:knife_blueprint":1}},"DataVersion":3465}